{"cameraMode":{"drawMode":2,"name":"Shaded Wireframe","section":"Shading Mode"},"sceneLighting":true,"audioPlay":false,"sceneViewState":{"m_AlwaysRefresh":false,"showFog":true,"showSkybox":true,"showFlares":true,"showImageEffects":true,"showParticleSystems":true,"showVisualEffectGraphs":true,"m_FxEnabled":true},"in2DMode":false,"pivot":{"x":0.15554288029670716,"y":-4.592116355895996,"z":7.7182111740112309},"rotation":{"x":-0.26559022068977358,"y":-0.0008707463275641203,"z":0.00023905723355710506,"w":-0.9641093611717224},"size":8.94524097442627,"orthographic":false}